NENTREVI;TIPORELI;prelig;impdio;configle;misa;dios;vidadesp;infierno;pecado;homosex;prostit;aborto;divorcio;eutana;suicid;INDIVIDU;Material;postmat;ideolog;ideolor;SEXO;ecivil;edad;estudi;ocupac;clase
1;1.00;1;99;1;1;1.00;2.00;2.00;1.00;1;5;1;1;1;1;-0.01693;1.10954;1;99;4.00;1;1;45.00;12;8;3
5;4.00;99;1;4;3;2.00;2.00;2.00;2.00;8;8;8;8;8;2;0.60749;0.82414;2;3;1.00;1;6;26.00;14;8;4
9;3.00;1;8;3;2;1.00;2.00;2.00;1.00;2;1;7;6;1;10;0.06201;2.26068;2;99;4.00;2;1;47.00;12;99;4
10;2.00;2;7;2;2;1.00;2.00;2.00;2.00;6;5;4;4;4;5;-0.18499;-0.25134;2;7;3.00;1;1;41.00;21;3;1
11;2.00;2;7;2;2;1.00;1.00;1.00;1.00;6;2;1;7;5;4;0.40561;0.51053;2;3;1.00;1;6;23.00;18;99;2
12;1.00;1;10;1;1;1.00;1.00;1.00;1.00;99;1;1;1;1;1;-0.53770;-0.09888;9;8;3.00;2;5;52.00;15;8;4
14;2.00;1;99;3;1;1.00;2.00;2.00;2.00;4;4;1;1;99;1;-0.46643;0.76774;1;8;3.00;1;6;27.00;21;5;3
20;4.00;3;1;4;3;2.00;2.00;2.00;2.00;10;1;5;10;2;1;0.57864;-0.33600;3;3;1.00;1;6;37.00;18;7;3
21;1.00;1;9;1;1;1.00;1.00;1.00;1.00;1;1;1;1;1;1;-0.02107;-0.02960;1;10;3.00;2;1;64.00;21;99;3
29;1.00;1;10;1;1;1.00;1.00;1.00;1.00;1;1;1;1;1;1;0.08608;-0.10564;2;7;3.00;2;6;63.00;17;5;2
31;2.00;1;99;2;2;1.00;1.00;2.00;1.00;1;2;5;1;2;1;-0.35323;-0.14387;1;7;3.00;2;1;36.00;12;99;3
32;2.00;1;5;1;2;1.00;1.00;2.00;1.00;2;1;1;1;1;1;0.15191;2.22310;1;8;3.00;2;6;18.00;14;9;4
33;3.00;1;8;3;2;1.00;1.00;2.00;1.00;3;1;1;1;1;3;0.69268;-0.19794;2;3;1.00;1;6;26.00;14;9;4
34;2.00;2;4;2;2;1.00;2.00;2.00;2.00;1;1;99;99;99;99;0.12917;0.86019;2;4;1.00;1;1;60.00;12;10;3
41;2.00;1;10;1;2;1.00;1.00;2.00;2.00;1;1;2;5;1;1;-0.75035;-0.34765;1;5;2.00;2;1;53.00;12;99;2
43;4.00;2;1;4;3;2.00;2.00;2.00;2.00;5;1;5;5;5;1;1.00078;-0.61593;2;5;2.00;1;1;37.00;17;3;2
50;1.00;1;10;1;1;1.00;1.00;1.00;1.00;1;1;1;1;1;1;-0.63390;-0.40669;9;8;3.00;1;1;70.00;20;3;1
60;2.00;1;10;2;2;1.00;1.00;2.00;1.00;6;1;1;1;1;10;0.05851;-0.67868;2;5;2.00;2;1;59.00;12;99;3
65;2.00;1;7;4;1;1.00;1.00;2.00;2.00;10;8;10;10;10;10;0.63195;-0.01677;2;5;2.00;1;6;30.00;21;3;1
66;2.00;2;6;1;2;1.00;1.00;1.00;1.00;1;1;1;4;1;1;-0.49851;0.89946;1;5;2.00;1;1;68.00;12;8;4
70;4.00;2;3;3;3;1.00;1.00;2.00;2.00;7;7;3;10;10;99;1.18968;0.86096;2;4;1.00;1;6;25.00;20;5;2
72;1.00;1;6;2;1;1.00;1.00;2.00;1.00;3;3;1;7;1;1;-0.52359;-0.07000;1;99;4.00;2;1;36.00;21;4;2
73;2.00;1;10;1;2;1.00;2.00;2.00;1.00;1;1;1;1;1;1;-0.75035;-0.34765;1;9;3.00;1;1;71.00;14;11;4
79;4.00;2;4;3;2;1.00;2.00;1.00;1.00;1;1;5;5;2;3;-0.73418;1.01961;1;99;4.00;2;6;70.00;12;8;3
84;2.00;3;1;2;3;2.00;2.00;2.00;2.00;10;10;10;10;99;99;1.31025;-0.42809;9;2;1.00;1;6;25.00;21;3;1
88;2.00;1;9;2;2;1.00;1.00;1.00;1.00;7;2;2;5;5;3;-1.32393;0.68624;1;5;2.00;2;5;54.00;12;99;3
90;3.00;1;5;4;2;1.00;1.00;2.00;1.00;10;1;3;10;4;1;0.09177;-0.95801;3;4;1.00;1;6;37.00;17;3;2
97;2.00;2;8;2;2;1.00;1.00;1.00;1.00;3;1;2;2;3;2;-0.90363;1.32737;1;3;1.00;2;6;21.00;14;99;3
101;4.00;99;5;3;3;1.00;2.00;2.00;2.00;10;5;3;8;8;3;1.71555;-1.22118;3;3;1.00;2;6;21.00;21;4;2
103;4.00;2;2;4;2;1.00;2.00;2.00;2.00;5;6;5;8;6;7;-0.11934;0.68878;9;99;4.00;2;5;41.00;14;8;4
117;1.00;1;10;1;1;1.00;1.00;1.00;1.00;1;1;1;1;1;1;-0.55778;-0.17536;1;7;3.00;2;1;39.00;19;99;2
118;4.00;2;6;3;3;1.00;1.00;1.00;2.00;1;1;1;7;7;5;-0.73418;1.01961;1;4;1.00;1;5;61.00;14;2;1
126;4.00;2;5;3;3;1.00;2.00;2.00;1.00;1;1;7;8;3;2;0.48683;4.19068;1;3;1.00;1;1;60.00;14;9;4
131;4.00;2;8;4;3;1.00;1.00;2.00;1.00;1;1;5;8;2;2;1.91185;-0.03746;9;3;1.00;2;1;31.00;18;99;3
138;1.00;1;9;1;1;1.00;1.00;1.00;1.00;1;1;1;1;1;1;-1.22105;0.39760;1;8;3.00;2;5;99.00;16;99;1
145;1.00;1;10;1;1;1.00;1.00;1.00;1.00;1;1;1;1;1;1;-0.27658;0.42501;1;9;3.00;2;1;23.00;20;99;1
146;2.00;2;6;2;2;1.00;2.00;2.00;2.00;5;5;5;10;5;5;-1.02186;-0.10127;1;3;1.00;2;1;63.00;15;99;2
150;4.00;99;8;4;2;1.00;1.00;2.00;2.00;2;2;2;10;5;5;0.18150;-0.67271;2;3;1.00;2;6;21.00;21;99;1
156;1.00;1;10;1;1;1.00;1.00;1.00;1.00;1;1;1;1;1;1;-1.38249;0.07367;1;9;3.00;2;1;25.00;21;99;1
159;4.00;2;2;4;3;2.00;2.00;2.00;2.00;6;1;5;10;3;10;1.51397;0.31961;2;4;1.00;2;6;22.00;21;99;2
161;1.00;1;10;1;1;1.00;1.00;1.00;1.00;1;1;1;1;1;1;0.04166;-0.80369;2;8;3.00;1;6;22.00;21;99;1
171;1.00;1;2;2;1;1.00;1.00;2.00;1.00;3;5;3;2;6;4;0.12708;-0.14615;2;4;1.00;2;6;27.00;16;99;4
173;4.00;2;2;4;3;2.00;2.00;2.00;2.00;2;2;4;8;1;2;0.71822;-0.52695;2;2;1.00;2;6;27.00;21;3;1
174;3.00;1;10;4;3;1.00;1.00;2.00;1.00;7;7;1;10;1;5;0.29100;0.07559;1;4;1.00;1;6;23.00;21;99;1
175;3.00;1;8;3;2;1.00;1.00;1.00;1.00;1;1;1;1;1;1;-0.12868;0.11947;2;6;3.00;1;6;26.00;21;3;1
178;4.00;2;7;3;3;2.00;2.00;2.00;1.00;1;6;4;6;8;1;-1.00849;-0.20260;1;6;3.00;1;1;76.00;15;10;3
179;2.00;1;2;2;3;1.00;2.00;2.00;1.00;1;1;2;5;9;3;-0.30370;1.67877;1;6;3.00;1;1;26.00;13;7;3
180;1.00;1;8;1;1;1.00;1.00;1.00;1.00;99;99;1;99;99;99;0.11141;0.83854;9;99;4.00;2;1;72.00;12;99;3
181;2.00;1;4;2;2;1.00;2.00;1.00;1.00;99;99;99;99;99;99;-0.00762;0.82264;1;5;2.00;2;1;29.00;18;99;2
183;4.00;2;99;4;3;1.00;2.00;2.00;2.00;1;1;1;1;1;1;-1.38167;-0.27635;1;99;4.00;1;1;44.00;12;8;4
189;3.00;1;10;4;2;1.00;2.00;1.00;1.00;3;3;1;3;1;1;0.07374;-0.93541;2;5;2.00;1;6;33.00;17;4;2
200;4.00;2;5;4;3;1.00;1.00;1.00;2.00;10;9;1;8;5;1;-0.63869;0.86519;1;99;4.00;1;1;47.00;18;6;3
201;1.00;1;7;2;1;1.00;1.00;2.00;1.00;7;4;1;1;1;1;-0.61360;-0.86242;2;5;2.00;2;1;54.00;14;99;4
208;4.00;2;7;99;3;1.00;2.00;2.00;2.00;6;8;8;8;10;1;1.20312;-0.39435;2;99;4.00;2;6;69.00;21;99;3
210;4.00;2;6;3;3;1.00;1.00;2.00;1.00;5;7;7;8;7;5;0.59016;4.71981;1;4;1.00;1;1;43.00;18;4;2
218;2.00;1;7;2;2;1.00;1.00;1.00;1.00;1;1;1;1;1;1;-0.75035;-0.34765;1;6;3.00;2;1;67.00;12;9;4
220;1.00;1;6;1;1;1.00;1.00;1.00;1.00;1;1;1;2;1;1;0.46003;-0.01603;2;6;3.00;2;1;52.00;17;2;2
224;4.00;2;2;4;3;2.00;2.00;2.00;2.00;10;7;3;5;1;1;-0.61854;-0.21232;9;6;3.00;1;1;40.00;14;7;3
231;2.00;2;3;2;2;1.00;2.00;2.00;2.00;3;3;5;4;5;2;-0.72112;-0.93612;2;99;4.00;2;1;65.00;20;4;2
232;3.00;1;7;4;3;1.00;2.00;2.00;1.00;1;1;2;6;2;1;-0.61360;-0.86242;2;5;2.00;1;1;52.00;12;9;4
244;4.00;3;1;4;3;2.00;2.00;2.00;2.00;10;10;10;10;10;10;2.28166;-0.41619;3;99;4.00;1;6;18.00;12;8;4
246;4.00;2;99;3;3;2.00;2.00;2.00;2.00;7;4;10;10;7;1;0.16177;-0.81759;2;4;1.00;2;1;32.00;21;99;2
247;3.00;1;6;3;3;1.00;2.00;2.00;2.00;8;5;8;8;8;3;1.24031;-0.83942;3;4;1.00;1;1;29.00;16;4;2
252;3.00;1;7;4;3;1.00;1.00;2.00;2.00;8;6;10;10;1;3;2.19624;-1.07373;3;3;1.00;1;6;30.00;21;7;3
254;4.00;2;2;4;2;2.00;2.00;2.00;2.00;10;4;5;8;8;4;2.08872;-1.14743;3;2;1.00;2;6;22.00;21;5;2
255;2.00;1;10;2;2;1.00;1.00;2.00;1.00;8;5;4;2;5;1;0.86256;-1.45728;3;3;1.00;1;1;52.00;15;7;3
257;4.00;3;1;4;3;2.00;2.00;2.00;2.00;5;5;10;10;10;5;1.55984;-0.86502;2;2;1.00;2;1;43.00;16;99;2
261;4.00;99;4;3;1;1.00;2.00;2.00;1.00;8;3;8;9;7;6;0.77354;-0.57385;9;5;2.00;1;6;20.00;21;99;2
265;2.00;1;5;2;2;1.00;2.00;2.00;2.00;1;1;1;1;1;1;-0.93367;-0.33592;2;7;3.00;1;1;74.00;18;2;2
276;3.00;1;9;4;2;1.00;2.00;2.00;2.00;7;1;1;8;1;1;-0.87703;0.00112;1;5;2.00;2;1;45.00;21;99;1
282;2.00;1;8;2;3;1.00;1.00;2.00;1.00;6;6;10;10;1;1;-0.90097;-0.12890;1;6;3.00;1;6;23.00;21;99;1
284;1.00;1;10;2;1;1.00;2.00;1.00;1.00;5;1;1;5;1;1;-0.85787;-0.42134;1;5;2.00;2;6;55.00;21;4;2
288;1.00;1;7;1;1;1.00;1.00;1.00;1.00;1;1;2;2;1;1;-1.17248;0.11747;1;5;2.00;2;1;24.00;16;99;1
289;2.00;1;9;2;2;2.00;2.00;2.00;2.00;8;1;1;9;8;6;0.06885;0.98558;1;5;2.00;2;1;49.00;21;7;2
297;4.00;2;10;4;2;1.00;2.00;2.00;2.00;1;1;1;8;10;1;-0.30014;0.45639;1;4;1.00;2;5;60.00;12;99;2
304;1.00;1;8;2;1;1.00;1.00;1.00;1.00;1;3;2;5;1;1;0.03549;0.53020;1;6;3.00;2;1;42.00;14;99;4
309;4.00;2;5;4;3;1.00;2.00;2.00;2.00;6;3;5;8;5;1;2.33608;-0.94275;3;3;1.00;2;6;29.00;21;5;2
311;4.00;2;5;3;2;1.00;1.00;2.00;1.00;1;1;3;6;1;1;1.85539;-1.09020;3;4;1.00;1;1;36.00;18;5;2
312;4.00;2;3;3;2;1.00;1.00;2.00;2.00;1;1;3;6;1;1;2.08872;-1.14743;3;3;1.00;1;1;33.00;14;4;2
317;4.00;2;2;3;2;2.00;1.00;2.00;2.00;5;5;5;5;1;5;-0.98009;-0.44104;2;4;1.00;2;6;26.00;16;2;3
318;4.00;99;1;3;3;2.00;2.00;2.00;2.00;1;6;1;6;10;99;-0.83614;-1.15492;2;99;4.00;1;6;25.00;18;4;2
319;1.00;1;5;2;1;1.00;2.00;2.00;2.00;1;1;1;5;1;1;0.52657;-0.67109;2;99;4.00;1;1;45.00;14;10;3
320;2.00;1;8;2;2;1.00;1.00;1.00;1.00;1;1;1;1;1;1;-1.00849;-0.20260;1;99;4.00;1;1;52.00;14;10;3
332;3.00;1;10;3;3;1.00;1.00;2.00;2.00;1;8;1;9;1;1;-0.90363;1.32737;1;3;1.00;1;1;66.00;12;7;3
334;4.00;99;6;3;2;1.00;2.00;2.00;2.00;5;5;2;8;2;1;-0.23769;2.16443;1;6;3.00;2;1;38.00;14;99;3
336;1.00;1;9;1;1;1.00;1.00;1.00;1.00;1;1;2;3;1;1;-0.42855;-0.38373;9;99;4.00;2;1;65.00;12;99;3
337;2.00;1;8;3;1;1.00;1.00;1.00;1.00;1;1;1;1;7;1;-0.78861;1.54617;1;99;4.00;2;5;79.00;12;99;3
338;3.00;1;10;3;3;1.00;2.00;2.00;1.00;8;9;4;8;1;1;0.90983;0.18653;2;6;3.00;2;1;23.00;15;99;3
342;1.00;1;3;2;1;1.00;2.00;2.00;1.00;1;1;1;1;10;1;-0.75035;-0.34765;1;99;4.00;1;1;62.00;12;7;3
350;1.00;2;5;2;1;1.00;2.00;2.00;1.00;1;3;2;2;1;1;-1.12352;-0.42140;1;99;4.00;1;1;54.00;12;5;3
352;1.00;1;8;2;1;1.00;1.00;1.00;1.00;1;1;1;1;1;1;-0.58917;-1.05768;9;99;4.00;2;1;54.00;13;99;4
358;2.00;1;8;3;1;1.00;1.00;2.00;1.00;2;3;4;5;4;2;0.03088;-0.45397;2;3;1.00;1;1;40.00;18;4;2
371;3.00;1;3;3;2;1.00;2.00;2.00;1.00;3;3;3;3;4;4;-1.16178;1.47242;1;5;2.00;1;1;68.00;13;11;4
381;4.00;2;2;3;2;1.00;2.00;2.00;2.00;2;2;3;1;3;2;0.24542;0.94964;1;99;4.00;1;1;48.00;13;10;3
388;3.00;1;1;4;3;1.00;2.00;2.00;2.00;1;1;1;1;1;1;0.09215;-0.80828;2;99;4.00;1;1;24.00;14;8;3
389;3.00;1;6;3;2;1.00;1.00;1.00;1.00;99;99;99;99;99;99;-1.32857;0.32390;1;99;4.00;2;1;52.00;14;99;3
392;1.00;1;99;2;1;2.00;2.00;2.00;2.00;1;1;1;1;1;1;-0.98791;-0.90292;9;99;4.00;1;1;62.00;14;9;4
395;1.00;1;8;2;1;1.00;2.00;2.00;1.00;1;1;1;1;1;1;-0.85787;-0.42134;1;5;2.00;2;1;75.00;12;99;3
398;4.00;2;8;3;3;2.00;2.00;2.00;2.00;1;8;99;8;8;99;0.27168;-0.52804;2;3;1.00;1;6;31.00;15;7;3
400;1.00;1;8;1;1;1.00;1.00;1.00;1.00;1;1;1;3;1;1;-0.31441;0.32383;1;5;2.00;2;1;36.00;15;99;3
403;2.00;2;8;2;2;1.00;1.00;1.00;1.00;1;1;2;4;1;1;0.41905;-0.74478;2;5;2.00;1;1;30.00;16;8;3
409;3.00;1;6;3;2;1.00;1.00;1.00;1.00;1;1;2;4;1;1;-0.52359;-0.07000;1;5;2.00;1;6;20.00;21;99;1
411;1.00;1;8;1;1;1.00;1.00;1.00;1.00;1;1;1;4;1;1;1.03659;-1.22094;3;5;2.00;1;1;48.00;21;3;2
415;4.00;2;6;3;3;1.00;2.00;2.00;1.00;4;3;1;6;2;4;0.17374;0.74972;1;6;3.00;1;1;39.00;19;5;3
417;1.00;1;10;2;1;1.00;1.00;1.00;1.00;5;2;2;3;5;2;1.49228;3.10178;1;5;2.00;2;5;73.00;12;99;2
426;1.00;2;8;1;1;1.00;2.00;2.00;1.00;10;2;2;5;1;1;-0.32313;-0.95019;2;99;4.00;2;6;19.00;21;99;3
429;1.00;1;10;1;1;1.00;1.00;1.00;1.00;1;1;1;1;1;1;-0.09096;0.85022;1;99;4.00;2;5;72.00;12;99;4
432;3.00;1;10;4;3;1.00;1.00;2.00;1.00;1;5;5;10;1;5;0.81824;0.49670;9;99;4.00;2;4;31.00;18;4;2
433;2.00;2;3;1;2;1.00;2.00;2.00;1.00;1;1;1;5;99;1;0.46217;0.25826;9;99;4.00;1;6;22.00;14;8;4
435;4.00;2;7;4;3;1.00;2.00;2.00;2.00;1;1;5;5;1;1;-0.21648;-0.65864;2;99;4.00;1;1;65.00;12;7;4
444;3.00;1;7;3;2;1.00;1.00;1.00;1.00;5;5;2;5;3;5;0.32023;-0.51288;2;8;3.00;1;1;59.00;15;4;2
450;2.00;1;10;2;2;1.00;1.00;1.00;1.00;1;1;5;7;1;1;-0.38600;-1.59974;2;4;1.00;1;1;80.00;12;8;4
456;4.00;2;6;3;3;1.00;2.00;2.00;2.00;7;7;2;5;1;6;-0.22456;-1.27580;2;1;1.00;1;1;53.00;12;7;3
460;4.00;2;1;4;3;1.00;2.00;2.00;2.00;10;10;10;10;10;5;-0.40988;-0.48091;2;99;4.00;1;6;20.00;14;7;4
471;2.00;1;10;2;2;1.00;1.00;1.00;1.00;1;1;1;7;10;1;0.71822;-0.52695;2;99;4.00;2;1;34.00;21;99;1
473;4.00;3;1;4;3;2.00;2.00;2.00;2.00;8;8;10;10;9;99;1.71134;-1.20633;3;2;1.00;2;1;31.00;21;99;2
476;3.00;1;6;3;2;1.00;1.00;2.00;2.00;2;2;2;8;9;5;0.04166;-0.80369;2;99;4.00;1;6;27.00;21;3;1
483;2.00;1;10;1;2;1.00;1.00;1.00;1.00;1;1;1;5;7;1;-1.00639;-0.45453;1;99;4.00;2;6;67.00;12;99;1
500;1.00;1;4;2;1;1.00;1.00;1.00;1.00;1;1;2;4;1;1;1.72393;-1.29393;3;5;2.00;2;6;19.00;21;99;2
509;4.00;3;1;4;3;2.00;2.00;2.00;2.00;10;10;10;10;10;10;2.58496;-0.39966;3;1;1.00;1;1;33.00;15;9;4
520;4.00;2;5;4;2;1.00;2.00;2.00;1.00;5;1;1;10;1;1;0.67837;1.02719;1;5;2.00;1;1;57.00;12;2;3
529;3.00;1;6;3;3;1.00;1.00;2.00;2.00;2;2;2;9;9;6;-0.33151;-0.87744;2;4;1.00;1;1;42.00;12;8;3
543;1.00;1;8;1;1;1.00;1.00;1.00;1.00;1;1;1;1;1;1;-1.64064;0.21872;1;99;4.00;2;1;40.00;12;99;3
551;4.00;99;99;3;2;2.00;1.00;2.00;2.00;5;5;6;8;1;1;-0.21363;-0.20189;1;99;4.00;1;6;18.00;21;99;2
566;4.00;2;4;4;3;2.00;1.00;2.00;2.00;1;1;1;99;1;1;-0.46297;-1.08117;2;6;3.00;1;6;30.00;21;2;1
568;1.00;1;10;2;1;1.00;1.00;2.00;1.00;1;1;1;1;1;1;-0.75035;-0.34765;1;5;2.00;2;1;51.00;14;99;3
569;4.00;2;3;3;3;1.00;2.00;2.00;2.00;1;1;2;6;1;1;-0.43065;-1.02388;2;5;2.00;2;1;25.00;15;8;4
571;2.00;1;7;2;2;1.00;2.00;1.00;1.00;1;1;1;1;1;1;-0.56579;0.45633;1;99;4.00;2;5;77.00;12;99;4
579;1.00;1;10;1;1;1.00;1.00;1.00;1.00;99;1;1;99;1;1;0.08409;-0.73794;9;3;1.00;1;6;45.00;21;3;1
580;3.00;1;10;3;2;1.00;2.00;2.00;1.00;1;1;1;5;1;1;-0.58356;0.80087;1;5;2.00;2;1;43.00;14;99;3
581;1.00;1;10;1;1;1.00;1.00;2.00;1.00;1;1;1;1;1;1;-0.58356;0.80087;1;5;2.00;2;1;71.00;12;99;4
588;1.00;1;8;1;1;1.00;1.00;1.00;1.00;1;1;1;1;1;1;-0.89057;-0.62836;2;99;4.00;1;1;68.00;21;12;2
593;4.00;2;7;3;3;1.00;1.00;2.00;2.00;5;1;3;5;6;6;0.62791;0.73650;1;4;1.00;2;1;28.00;21;99;1
596;2.00;1;5;3;1;1.00;2.00;2.00;2.00;1;1;2;3;5;4;-0.40370;-0.00635;2;4;1.00;1;1;49.00;15;7;3
600;1.00;1;8;1;1;1.00;1.00;1.00;1.00;1;1;1;1;1;1;-1.17248;0.11747;1;5;2.00;2;1;48.00;14;99;3
602;1.00;1;8;1;1;1.00;1.00;1.00;1.00;1;1;1;1;1;1;-1.43145;0.61254;1;5;2.00;2;1;56.00;14;99;3
605;4.00;3;3;4;3;1.00;2.00;2.00;1.00;1;3;5;5;5;5;0.88890;1.14348;1;3;1.00;1;6;19.00;16;99;4
615;1.00;1;4;1;1;1.00;2.00;2.00;2.00;99;99;1;3;1;3;-0.84788;0.47136;1;4;1.00;1;1;38.00;21;2;1
621;2.00;1;7;3;1;1.00;1.00;2.00;2.00;1;3;4;5;2;2;-0.71576;-0.11154;2;4;1.00;2;1;49.00;17;5;3
623;3.00;1;5;3;2;1.00;2.00;2.00;2.00;2;2;3;7;10;3;0.32023;-0.51288;2;4;1.00;2;5;39.00;21;7;4
625;3.00;1;5;4;2;1.00;2.00;2.00;2.00;5;5;3;3;1;4;-0.15379;0.99779;1;7;3.00;1;6;25.00;21;2;2
627;2.00;1;6;3;1;1.00;1.00;2.00;2.00;4;2;3;4;2;1;1.38546;0.80379;2;7;3.00;2;1;24.00;16;99;3
630;4.00;2;7;3;3;1.00;1.00;2.00;1.00;4;1;2;1;2;1;1.12107;3.51743;1;3;1.00;1;1;58.00;12;10;3
632;4.00;2;3;3;2;1.00;2.00;2.00;2.00;1;1;2;4;1;1;2.22856;-1.01645;3;4;1.00;2;1;34.00;21;4;1
649;2.00;99;3;2;3;1.00;2.00;2.00;1.00;1;1;1;2;1;1;-0.46915;0.25272;1;8;3.00;1;1;55.00;18;4;2
651;1.00;1;8;1;1;1.00;1.00;1.00;1.00;2;1;1;1;2;3;-0.91087;-0.17263;9;9;3.00;2;5;67.00;12;99;4
656;1.00;1;8;1;1;1.00;1.00;1.00;1.00;3;1;1;3;1;1;-0.55629;-0.27701;2;10;3.00;1;6;22.00;21;99;1
658;4.00;3;1;4;3;2.00;2.00;2.00;2.00;1;1;2;6;1;2;0.95576;-0.59903;2;99;4.00;1;1;35.00;16;9;4
659;4.00;2;6;3;1;1.00;1.00;2.00;1.00;5;6;5;5;1;2;0.04548;1.42290;1;5;2.00;2;6;19.00;21;99;1
661;4.00;2;5;4;3;1.00;2.00;2.00;2.00;1;1;1;1;1;9;2.24934;-0.47347;3;5;2.00;1;6;24.00;20;4;2
663;4.00;2;1;4;3;2.00;2.00;2.00;2.00;10;5;1;9;10;5;0.92431;-0.77887;2;3;1.00;2;6;20.00;19;9;4
670;2.00;2;4;2;2;2.00;2.00;2.00;2.00;1;6;1;2;99;99;0.39395;0.98282;1;99;4.00;1;1;37.00;14;2;3
671;2.00;1;5;3;1;1.00;1.00;2.00;2.00;8;8;5;10;99;1;1.31446;-1.22111;3;99;4.00;2;5;48.00;21;4;2
672;2.00;2;3;2;2;2.00;2.00;2.00;2.00;4;3;2;6;1;4;-0.05166;0.00047;2;5;2.00;1;6;58.00;21;3;1
674;1.00;1;10;1;1;1.00;1.00;1.00;1.00;1;1;1;1;1;2;-0.95540;0.39766;1;99;4.00;2;5;63.00;14;99;2
685;2.00;1;7;3;1;1.00;2.00;2.00;1.00;5;5;1;2;3;1;-0.89334;-0.91033;2;5;2.00;2;1;66.00;20;99;3
694;4.00;3;1;4;3;2.00;2.00;2.00;2.00;5;5;2;7;99;5;1.33722;-0.00353;2;3;1.00;1;1;68.00;12;7;3
705;1.00;1;8;1;1;1.00;1.00;1.00;1.00;1;1;1;1;1;1;-1.00932;0.14742;1;99;4.00;2;1;54.00;12;99;4
711;2.00;1;5;2;3;1.00;1.00;2.00;1.00;1;1;1;3;1;1;-0.90135;-0.27864;2;99;4.00;1;5;71.00;12;11;4
712;4.00;2;2;4;3;1.00;2.00;2.00;2.00;8;4;5;8;3;4;1.71555;-1.22118;3;3;1.00;2;6;23.00;21;99;2
717;4.00;2;4;3;3;1.00;2.00;2.00;1.00;1;1;1;3;1;1;-0.80197;1.64750;1;3;1.00;2;1;36.00;14;99;3
731;1.00;2;10;1;1;1.00;2.00;2.00;1.00;6;1;1;1;1;1;-0.89057;-0.62836;2;99;4.00;2;6;20.00;12;99;4
749;3.00;1;8;3;3;1.00;2.00;2.00;1.00;99;99;99;99;99;99;-0.13131;-0.19010;2;99;4.00;1;1;29.00;12;8;4
765;3.00;1;2;3;3;1.00;2.00;2.00;2.00;5;5;5;5;1;4;2.15315;0.06800;3;3;1.00;1;6;29.00;21;99;4
776;1.00;1;8;1;1;1.00;1.00;1.00;1.00;1;1;1;3;1;1;-0.55778;-0.17536;1;99;4.00;1;1;40.00;18;7;4
781;2.00;1;4;3;1;1.00;2.00;2.00;1.00;10;5;1;3;99;1;0.46007;-0.38190;2;3;1.00;1;6;25.00;12;10;2
783;2.00;1;6;2;2;1.00;1.00;1.00;1.00;1;1;1;10;1;1;0.39616;-0.63275;9;99;4.00;2;6;19.00;21;99;2
794;4.00;2;2;4;3;2.00;2.00;2.00;2.00;5;5;5;10;5;5;0.51578;-0.32137;2;3;1.00;1;6;25.00;21;4;3
797;4.00;2;2;3;2;1.00;2.00;2.00;2.00;7;2;2;5;6;2;-0.24150;-0.08502;1;99;4.00;1;1;58.00;12;2;3
800;1.00;1;7;1;1;1.00;1.00;1.00;1.00;1;4;1;1;1;1;-0.61360;-0.86242;2;5;2.00;1;1;66.00;12;10;4
802;1.00;1;10;2;1;1.00;1.00;1.00;1.00;1;1;1;5;8;5;0.91561;-1.08447;2;4;1.00;2;1;22.00;12;10;3
806;4.00;3;1;4;3;2.00;2.00;2.00;2.00;10;10;10;10;10;10;0.67197;-0.95496;2;2;1.00;1;6;24.00;12;8;4
815;2.00;2;4;1;3;1.00;2.00;2.00;2.00;1;1;1;5;1;1;-0.35043;1.32472;1;5;2.00;2;1;23.00;12;99;4
817;4.00;2;4;3;3;1.00;2.00;2.00;2.00;1;1;2;3;3;2;0.18835;-0.50046;2;4;1.00;1;1;32.00;12;7;3
820;4.00;2;2;4;3;2.00;2.00;2.00;2.00;3;3;5;8;5;1;2.42771;1.68726;3;2;1.00;1;6;22.00;21;99;4
838;4.00;2;6;4;3;2.00;2.00;2.00;2.00;6;6;6;6;6;1;1.50542;-0.33845;2;4;1.00;1;1;31.00;20;3;2
846;3.00;1;5;3;2;2.00;2.00;2.00;2.00;1;1;1;1;1;1;-1.09429;-1.00987;2;2;1.00;1;1;36.00;18;7;3
858;1.00;1;10;2;1;1.00;1.00;1.00;1.00;1;1;2;3;1;1;-0.90135;-0.27864;2;7;3.00;2;6;21.00;21;99;2
860;1.00;1;7;2;1;1.00;1.00;2.00;1.00;1;1;2;5;1;1;-0.07471;1.06349;1;4;1.00;2;1;39.00;15;99;4
862;2.00;1;7;2;2;1.00;1.00;2.00;1.00;1;1;1;5;1;1;-1.17795;0.10516;1;4;1.00;2;1;23.00;15;99;4
863;1.00;1;8;1;1;1.00;1.00;1.00;1.00;1;1;1;6;1;1;-0.63194;0.20633;1;5;2.00;2;1;45.00;17;99;3
869;1.00;1;6;1;1;1.00;1.00;1.00;1.00;1;2;2;5;1;1;-1.35326;-0.51480;2;99;4.00;1;6;46.00;21;3;1
874;3.00;1;99;3;2;1.00;1.00;2.00;2.00;3;3;2;10;1;1;-1.07042;0.17886;1;3;1.00;1;1;47.00;12;8;4
875;4.00;2;99;3;3;2.00;1.00;2.00;2.00;1;1;4;6;1;1;0.10606;-0.87813;2;99;4.00;2;1;46.00;20;99;2
877;1.00;1;9;1;1;1.00;1.00;1.00;1.00;1;1;1;2;1;1;-1.07042;0.17886;1;5;2.00;2;5;69.00;14;99;3
879;2.00;1;99;2;2;1.00;2.00;2.00;2.00;1;1;1;1;1;1;-1.22105;0.39760;1;5;2.00;2;5;43.00;15;11;4
881;2.00;1;8;3;1;1.00;1.00;1.00;1.00;5;2;2;5;2;2;0.52245;-0.76507;2;99;4.00;2;6;19.00;21;99;3
882;4.00;2;7;4;3;1.00;2.00;2.00;2.00;4;4;3;7;1;1;1.59303;-0.93030;3;1;1.00;1;6;23.00;21;2;2
890;1.00;2;5;2;1;1.00;1.00;1.00;1.00;1;1;1;1;1;1;-1.38167;-0.27635;1;99;4.00;1;1;52.00;13;8;3
893;4.00;2;4;3;1;1.00;1.00;2.00;2.00;1;4;1;5;1;1;-1.23104;-0.49510;1;99;4.00;1;1;33.00;15;2;3
896;1.00;99;6;2;1;1.00;1.00;1.00;1.00;4;4;1;5;1;3;-1.23104;-0.49510;1;99;4.00;2;6;19.00;16;99;2
899;4.00;99;5;3;2;1.00;1.00;1.00;1.00;4;4;4;7;3;3;-0.58965;-0.73240;2;4;1.00;2;6;25.00;16;99;4
912;1.00;1;8;2;1;1.00;1.00;1.00;1.00;4;3;1;5;1;1;-0.75035;-0.34765;1;5;2.00;2;6;23.00;17;99;1
916;1.00;1;9;1;1;1.00;1.00;2.00;1.00;1;1;1;1;1;1;-0.30432;0.91183;1;99;4.00;1;6;27.00;17;5;2
920;1.00;1;8;1;1;1.00;2.00;2.00;1.00;1;1;1;1;1;1;-1.26746;0.29247;1;99;4.00;2;5;63.00;12;9;3
921;3.00;1;9;4;3;1.00;1.00;1.00;1.00;1;1;1;1;1;1;0.90854;-0.40057;2;4;1.00;2;6;19.00;17;99;3
922;2.00;1;5;3;1;1.00;1.00;1.00;1.00;4;3;6;4;1;1;0.14301;0.60390;1;7;3.00;1;6;24.00;21;99;1
923;1.00;1;8;1;1;1.00;1.00;1.00;1.00;1;1;1;1;1;1;-1.21304;-0.23409;1;99;4.00;2;1;43.00;13;99;2
924;3.00;1;8;3;2;1.00;1.00;1.00;1.00;1;1;1;1;1;1;-1.23104;-0.49510;1;99;4.00;2;1;18.00;16;99;3
933;1.00;1;10;1;1;1.00;1.00;1.00;1.00;5;1;1;5;1;1;-0.07288;-0.04276;1;8;3.00;1;1;60.00;15;5;2
944;4.00;2;3;3;3;1.00;1.00;2.00;2.00;6;2;4;7;5;1;2.04562;-0.85498;3;1;1.00;2;6;24.00;21;99;4
946;1.00;1;8;2;1;1.00;1.00;1.00;1.00;1;1;1;1;1;1;1.04909;3.42660;2;4;1.00;1;1;52.00;16;3;1
949;4.00;2;2;4;3;2.00;2.00;2.00;2.00;3;2;3;5;5;3;1.20670;-1.48381;3;4;1.00;1;1;30.00;21;3;1
959;4.00;2;2;4;3;1.00;2.00;2.00;2.00;1;1;4;6;1;1;2.22856;-1.01645;3;4;1.00;1;6;19.00;21;99;2
960;1.00;1;10;2;1;1.00;1.00;1.00;1.00;1;1;1;1;4;1;1.15375;0.03580;3;4;1.00;1;1;40.00;21;1;1
963;2.00;2;5;2;2;1.00;1.00;2.00;2.00;2;1;4;5;6;1;0.05425;-0.89128;2;6;3.00;1;1;45.00;21;2;1
965;1.00;1;9;1;1;1.00;1.00;2.00;1.00;1;1;3;3;6;1;0.55247;0.53108;1;99;4.00;1;1;69.00;21;3;1
966;1.00;1;8;2;1;1.00;1.00;2.00;1.00;1;1;1;5;1;1;-1.00849;-0.20260;1;99;4.00;2;6;19.00;18;10;3
967;1.00;1;7;2;1;1.00;1.00;2.00;1.00;1;1;3;6;6;2;1.05710;0.80856;1;99;4.00;2;1;66.00;16;99;1
969;2.00;1;6;99;1;1.00;1.00;1.00;1.00;3;6;2;8;8;1;-0.63322;-0.38077;1;8;3.00;2;1;27.00;21;3;1
973;4.00;2;7;3;2;1.00;1.00;2.00;2.00;5;1;5;10;8;5;0.57802;-1.10295;3;99;4.00;2;6;22.00;18;99;3
974;1.00;1;5;1;1;1.00;1.00;1.00;1.00;1;1;1;1;1;1;-1.32056;-0.30779;1;99;4.00;2;6;21.00;15;99;3
977;1.00;2;8;1;1;1.00;1.00;1.00;1.00;1;1;1;3;1;1;0.11832;-0.23481;2;7;3.00;1;6;25.00;21;99;1
986;4.00;2;3;3;2;1.00;2.00;2.00;2.00;5;5;4;5;1;1;-0.13487;0.60407;1;6;3.00;1;1;47.00;21;2;1
989;1.00;1;8;1;1;1.00;1.00;1.00;2.00;2;2;1;2;1;1;-1.24606;-0.75787;9;5;2.00;2;5;71.00;17;99;2
991;1.00;1;10;2;1;1.00;1.00;1.00;1.00;1;1;1;8;3;1;-0.27040;-0.90888;2;8;3.00;2;1;51.00;16;99;1
992;4.00;2;2;4;3;1.00;2.00;2.00;1.00;4;4;4;10;10;99;-0.37297;-0.28874;1;6;3.00;1;4;45.00;21;3;2
1.000;2.00;1;6;4;1;1.00;1.00;2.00;2.00;2;7;7;7;7;3;0.56821;2.11448;2;8;3.00;1;1;46.00;14;6;4
1.001;4.00;2;2;4;2;1.00;2.00;2.00;2.00;8;3;5;8;6;4;0.74246;-1.08684;2;5;2.00;1;6;19.00;21;99;1
1.005;4.00;2;3;3;2;1.00;2.00;2.00;2.00;1;1;2;2;1;1;-0.02066;-0.16348;2;4;1.00;1;5;73.00;14;7;4
1.012;4.00;99;2;3;3;1.00;2.00;2.00;2.00;1;4;1;8;2;2;1.67149;0.34782;2;2;1.00;1;1;55.00;12;8;4
1.015;4.00;2;4;4;3;1.00;2.00;2.00;2.00;5;6;4;8;2;3;-0.04460;-0.29351;2;4;1.00;1;6;19.00;21;99;3
1.017;1.00;1;7;2;1;1.00;2.00;2.00;2.00;5;5;6;7;6;9;0.81647;0.23488;2;6;3.00;2;6;23.00;21;99;2
1.018;4.00;2;5;4;3;2.00;2.00;2.00;2.00;2;2;6;10;9;2;-0.53607;-0.45742;9;5;2.00;1;6;25.00;21;99;2
1.023;4.00;2;1;4;3;1.00;2.00;2.00;2.00;10;5;10;10;10;1;2.19624;-1.07373;3;3;1.00;2;6;23.00;18;6;3
1.030;4.00;3;1;3;3;2.00;2.00;2.00;2.00;5;4;4;4;2;2;0.51776;0.35324;1;99;4.00;1;6;22.00;14;7;4
1.031;4.00;2;99;3;3;2.00;2.00;2.00;2.00;6;4;2;7;4;2;0.24078;0.40211;2;99;4.00;2;1;25.00;14;99;3
1.034;1.00;1;8;1;1;1.00;1.00;1.00;1.00;2;1;1;1;3;5;-1.32857;0.32390;1;99;4.00;1;5;56.00;21;11;4
1.038;4.00;2;9;4;3;1.00;1.00;2.00;2.00;99;1;7;10;10;1;2.22856;-1.01645;3;5;2.00;1;1;53.00;18;4;2
1.039;2.00;2;7;2;2;1.00;1.00;2.00;1.00;10;10;1;1;1;1;0.55889;-0.61381;2;7;3.00;1;1;64.00;12;7;4
1.040;2.00;1;10;1;2;1.00;1.00;2.00;1.00;1;1;1;1;1;1;1.08968;-0.62068;3;99;4.00;1;1;54.00;12;7;4
1.048;2.00;1;6;3;1;1.00;1.00;2.00;1.00;5;5;5;8;8;3;-0.32313;-0.95019;2;4;1.00;2;1;30.00;20;8;3
1.050;1.00;1;7;1;1;1.00;1.00;2.00;1.00;1;1;1;3;7;1;-1.00932;0.14742;1;99;4.00;2;1;42.00;14;2;3
1.052;1.00;1;9;1;1;1.00;1.00;1.00;1.00;1;1;1;1;1;1;-1.69373;-0.38154;1;99;4.00;2;1;52.00;15;2;2
1.055;3.00;1;5;3;2;1.00;2.00;2.00;1.00;1;1;1;4;1;4;-0.18312;-0.20326;2;99;4.00;1;5;75.00;14;7;3
1.056;4.00;2;8;3;2;1.00;2.00;2.00;2.00;99;1;99;99;2;99;-0.57049;-1.15486;2;99;4.00;2;1;66.00;18;99;3
1.057;1.00;1;8;1;1;1.00;2.00;1.00;1.00;99;1;1;3;99;1;-1.16993;-0.52653;1;99;4.00;1;1;52.00;14;9;4
1.058;1.00;1;9;2;1;1.00;1.00;1.00;1.00;5;1;1;5;1;2;-0.75109;-1.05633;2;6;3.00;2;6;20.00;21;99;1
1.059;1.00;1;9;1;1;1.00;1.00;1.00;1.00;1;1;1;1;2;1;-0.85323;-0.05901;1;99;4.00;2;6;66.00;16;99;2
1.064;3.00;1;10;3;2;1.00;1.00;1.00;1.00;1;1;1;1;1;1;-0.27658;0.42501;1;10;3.00;1;1;56.00;21;4;2
1.067;2.00;1;2;3;1;1.00;2.00;2.00;2.00;1;1;5;10;1;1;0.88827;1.88326;1;99;4.00;1;1;59.00;12;7;3
1.081;1.00;1;10;1;1;1.00;2.00;2.00;1.00;4;3;1;1;1;1;-0.30014;0.45639;1;99;4.00;2;1;35.00;17;99;3
1.082;1.00;1;7;1;1;1.00;2.00;2.00;1.00;3;2;1;1;1;1;-0.95330;0.14573;1;99;4.00;1;5;68.00;20;5;3
1.085;2.00;1;10;1;2;1.00;1.00;2.00;1.00;6;1;1;10;99;1;0.35623;0.25207;2;99;4.00;1;1;42.00;21;4;2
1.089;1.00;1;10;1;1;1.00;2.00;2.00;1.00;1;1;1;1;1;1;-0.77504;-1.18635;2;99;4.00;2;6;60.00;12;99;4
1.093;4.00;2;3;3;2;1.00;2.00;2.00;2.00;3;3;2;5;3;3;-0.56668;1.07173;1;7;3.00;1;1;68.00;12;8;4
1.094;2.00;1;8;1;2;1.00;1.00;1.00;1.00;1;1;1;1;1;1;-0.98677;-0.93618;2;5;2.00;2;1;50.00;12;9;4
1.103;3.00;1;99;4;3;2.00;2.00;2.00;1.00;5;1;5;10;1;1;0.77949;-0.88127;2;4;1.00;2;1;59.00;14;99;3
1.106;3.00;1;5;3;2;1.00;1.00;2.00;1.00;5;5;5;8;9;3;2.72480;-0.26868;3;3;1.00;1;1;37.00;21;2;1
1.108;4.00;2;5;3;2;1.00;1.00;2.00;1.00;7;7;1;5;7;1;0.57818;2.89711;1;7;3.00;1;6;21.00;20;2;3
1.112;3.00;1;10;3;3;1.00;1.00;2.00;2.00;7;5;3;10;5;1;2.19624;-1.07373;3;4;1.00;2;1;34.00;15;99;2
1.120;3.00;1;6;3;2;1.00;1.00;1.00;1.00;5;3;5;8;6;1;2.07600;1.83405;3;1;1.00;1;1;38.00;21;4;2
1.124;3.00;1;5;3;2;1.00;2.00;2.00;1.00;1;1;1;5;10;1;-0.12859;-0.10330;1;99;4.00;2;1;23.00;15;99;1
1.130;3.00;1;7;4;3;1.00;2.00;2.00;1.00;8;3;6;10;1;2;1.45582;-0.75172;3;1;1.00;1;6;26.00;21;99;2
1.135;4.00;2;3;3;1;1.00;2.00;2.00;1.00;1;1;1;1;1;1;0.92431;-0.77887;2;1;1.00;1;1;64.00;12;6;3
1.137;2.00;1;8;4;1;1.00;2.00;2.00;1.00;7;1;3;10;2;2;0.91314;-0.63187;9;3;1.00;2;6;19.00;14;8;4
1.138;2.00;1;9;2;2;1.00;1.00;1.00;1.00;1;1;1;5;10;1;-0.30893;-0.07234;2;6;3.00;1;6;27.00;13;7;3
1.140;1.00;1;7;2;1;1.00;1.00;1.00;1.00;1;1;2;6;1;1;0.24204;0.61446;1;5;2.00;1;1;58.00;14;2;1
1.145;1.00;1;7;1;1;1.00;1.00;1.00;1.00;1;1;1;1;1;1;-0.41868;0.54342;1;99;4.00;2;1;35.00;21;3;1
1.151;4.00;2;7;4;2;1.00;2.00;2.00;1.00;1;10;2;10;10;1;0.20697;-0.10369;2;3;1.00;2;1;24.00;14;99;4
1.154;3.00;1;99;3;2;1.00;1.00;2.00;1.00;1;5;5;2;4;1;-0.63065;-0.08383;2;99;4.00;2;1;59.00;12;99;4
1.160;4.00;2;99;4;2;1.00;2.00;2.00;1.00;1;3;1;2;1;1;-1.02186;-0.10127;1;99;4.00;1;1;42.00;14;2;1
1.162;4.00;2;3;3;2;1.00;1.00;2.00;1.00;5;5;5;1;5;1;-1.38167;-0.27635;1;99;4.00;1;1;31.00;14;2;1
1.168;2.00;1;9;1;2;1.00;2.00;2.00;1.00;1;1;1;10;99;1;-0.89057;-0.62836;2;99;4.00;2;6;22.00;17;8;4
1.183;4.00;2;3;3;3;1.00;2.00;2.00;2.00;3;3;2;4;2;1;-0.90097;-0.12890;1;4;1.00;1;1;51.00;14;7;3
1.190;1.00;1;10;2;1;1.00;1.00;2.00;1.00;1;3;1;5;2;1;-1.22105;0.39760;1;8;3.00;2;1;56.00;14;99;1
1.198;2.00;2;99;2;2;1.00;2.00;2.00;2.00;1;1;1;1;1;1;-0.23151;0.80768;1;99;4.00;1;1;58.00;12;8;4
1.201;1.00;1;5;2;1;1.00;2.00;2.00;1.00;1;1;1;1;5;1;-0.31116;0.61712;1;99;4.00;1;1;79.00;12;8;4
1.203;3.00;1;7;4;3;1.00;2.00;2.00;2.00;3;6;8;9;2;1;0.23919;0.06243;1;3;1.00;1;6;27.00;21;2;1
1.204;2.00;1;7;1;2;1.00;2.00;2.00;2.00;1;1;1;1;1;2;-0.16054;0.39837;1;5;2.00;1;1;71.00;12;8;4
1.206;3.00;1;8;3;3;1.00;2.00;2.00;2.00;2;1;2;2;1;2;-0.85787;-0.42134;1;6;3.00;2;1;46.00;14;99;3
1.213;1.00;2;99;2;1;1.00;2.00;2.00;2.00;1;1;1;1;1;1;-0.73418;1.01961;1;5;2.00;1;1;56.00;12;10;3
1.221;2.00;1;7;1;2;1.00;2.00;2.00;1.00;1;1;6;6;1;1;-0.88256;-1.26005;2;5;2.00;1;6;50.00;13;5;2
1.225;1.00;1;10;1;1;1.00;1.00;2.00;2.00;1;1;5;5;1;1;-0.46205;-0.19811;9;99;4.00;2;1;63.00;14;99;3
1.231;3.00;1;7;3;2;1.00;2.00;2.00;1.00;5;5;6;6;1;1;-0.18969;-0.07186;1;99;4.00;1;1;73.00;12;10;3
1.252;1.00;1;10;2;1;1.00;1.00;1.00;1.00;3;1;1;3;3;1;-1.23104;-0.49510;1;99;4.00;1;1;49.00;13;2;2
1.254;1.00;1;6;2;1;1.00;1.00;1.00;1.00;5;2;8;7;1;1;1.18984;1.62224;2;5;2.00;1;1;58.00;21;3;2
1.256;4.00;2;4;3;1;1.00;1.00;1.00;1.00;7;7;2;7;8;3;1.79937;-1.08851;3;4;1.00;1;6;23.00;21;99;2
1.257;4.00;2;5;3;3;1.00;1.00;2.00;1.00;8;2;5;5;5;6;1.60382;-1.28003;3;3;1.00;1;6;21.00;21;99;3
1.263;4.00;3;1;4;3;2.00;2.00;2.00;2.00;9;9;7;6;7;7;1.82307;-1.14748;3;2;1.00;2;6;24.00;16;5;2
1.266;1.00;1;8;1;1;1.00;1.00;1.00;1.00;1;1;1;1;1;1;0.76172;4.16012;1;7;3.00;1;5;78.00;21;4;2
1.275;1.00;2;9;2;1;1.00;1.00;2.00;1.00;5;5;1;6;6;1;-0.36163;0.32642;1;5;2.00;1;1;44.00;15;12;2
1.280;3.00;1;8;3;3;1.00;1.00;2.00;1.00;2;2;1;3;1;1;0.17272;-0.30986;9;4;1.00;1;1;35.00;21;4;2
1.282;4.00;3;1;4;3;2.00;2.00;2.00;2.00;1;1;10;10;10;5;1.31025;-0.42809;9;1;1.00;1;6;32.00;21;3;3
1.289;4.00;3;1;3;3;2.00;2.00;2.00;2.00;5;4;6;10;7;1;0.78225;-0.26825;9;3;1.00;1;1;29.00;15;7;3
1.295;3.00;1;3;3;3;1.00;2.00;2.00;1.00;1;1;10;10;1;1;0.06056;3.51666;1;3;1.00;2;6;23.00;18;4;4
1.298;1.00;1;9;1;1;1.00;1.00;2.00;1.00;1;1;1;1;1;1;0.41960;0.22010;2;1;1.00;1;1;25.00;18;4;2
1.299;4.00;2;7;3;3;1.00;2.00;2.00;1.00;5;3;6;8;8;1;-0.55629;-0.27701;2;4;1.00;2;6;21.00;21;99;2
1.300;1.00;1;8;1;1;1.00;1.00;2.00;1.00;2;3;4;4;3;1;0.04976;-0.05359;2;4;1.00;2;1;45.00;14;99;3
1.302;3.00;1;5;3;3;1.00;2.00;2.00;1.00;10;5;1;10;10;8;1.62103;0.05712;2;4;1.00;1;1;30.00;21;3;1
1.303;4.00;2;3;4;3;2.00;1.00;1.00;1.00;7;7;4;8;7;8;1.55201;-1.29318;3;2;1.00;1;6;19.00;18;9;4
1.316;2.00;1;9;3;1;1.00;1.00;1.00;1.00;1;1;1;7;1;1;-0.58128;-0.80514;2;99;4.00;1;6;37.00;16;6;3
1.318;4.00;2;1;4;2;2.00;2.00;2.00;2.00;10;10;10;10;10;10;2.28166;-0.41619;3;2;1.00;1;4;40.00;18;4;2
1.323;1.00;1;10;1;1;1.00;1.00;2.00;1.00;1;1;1;1;1;1;-0.73075;0.43823;1;6;3.00;1;1;52.00;14;4;2
1.324;3.00;1;5;3;2;1.00;1.00;2.00;2.00;10;10;10;10;10;1;1.04737;-1.57066;3;99;4.00;1;6;24.00;14;2;3
1.327;1.00;1;10;1;1;1.00;1.00;1.00;1.00;1;1;1;1;1;1;-0.89600;0.54594;2;99;4.00;2;6;20.00;18;5;3
1.328;1.00;1;9;1;1;1.00;1.00;1.00;1.00;1;1;1;1;1;1;0.03549;0.53020;1;8;3.00;1;1;65.00;14;10;3
1.333;3.00;1;8;3;3;1.00;2.00;2.00;1.00;7;2;7;8;8;5;-0.01537;-0.88198;2;99;4.00;2;1;26.00;15;99;3
1.338;3.00;1;5;3;2;1.00;1.00;1.00;1.00;1;1;1;1;1;1;-0.28649;-0.89435;2;99;4.00;1;1;62.00;15;10;3
1.340;4.00;2;5;4;3;1.00;2.00;2.00;1.00;4;1;1;7;6;1;0.88107;0.71532;2;99;4.00;2;1;35.00;14;99;4
1.345;1.00;1;10;1;1;1.00;1.00;1.00;1.00;1;1;1;1;1;1;-0.80013;0.54125;1;6;3.00;2;1;66.00;15;99;3
1.348;4.00;3;1;4;3;2.00;2.00;2.00;2.00;10;10;10;10;5;10;2.59292;2.49610;2;2;1.00;1;6;25.00;21;4;2
1.351;3.00;1;5;3;3;1.00;2.00;2.00;2.00;5;5;1;10;1;1;-0.00445;0.19194;1;2;1.00;1;1;26.00;16;7;3
1.354;3.00;1;7;3;3;1.00;2.00;2.00;1.00;10;10;5;10;10;7;1.69185;-1.16221;3;2;1.00;2;6;20.00;21;99;3
1.360;2.00;1;8;99;1;1.00;1.00;2.00;1.00;1;1;4;6;3;1;0.35922;-1.08607;9;5;2.00;2;5;53.00;20;2;1
1.367;3.00;1;8;3;2;1.00;1.00;2.00;1.00;6;5;5;5;6;1;2.19624;-1.07373;3;99;4.00;1;2;25.00;16;7;4
1.368;1.00;1;10;1;1;1.00;1.00;1.00;1.00;1;1;1;1;1;1;-1.09543;-0.97661;9;6;3.00;2;6;67.00;12;8;3
1.373;2.00;1;5;3;1;2.00;2.00;2.00;2.00;5;5;1;10;99;1;0.52571;0.49663;2;6;3.00;2;1;38.00;12;2;2
1.378;4.00;2;3;3;2;1.00;2.00;2.00;2.00;1;1;5;5;1;1;0.82211;-0.89628;2;4;1.00;2;6;19.00;21;99;2
1.380;4.00;3;2;4;3;1.00;2.00;2.00;2.00;1;1;4;8;1;1;1.09560;-0.46805;2;3;1.00;2;1;26.00;18;8;3
1.382;1.00;1;7;1;1;1.00;1.00;1.00;1.00;1;1;1;1;1;1;-0.53695;0.03133;1;6;3.00;2;1;47.00;16;99;3
1.387;1.00;1;10;2;1;1.00;1.00;1.00;1.00;2;1;1;1;1;1;-1.13600;0.49619;1;10;3.00;2;5;73.00;18;99;1
1.392;3.00;1;3;3;2;2.00;2.00;2.00;1.00;1;1;3;4;6;4;0.57838;-0.65793;2;4;1.00;1;5;71.00;13;8;3
1.395;4.00;2;4;3;2;1.00;2.00;2.00;2.00;1;1;3;3;5;1;-0.27224;0.19737;2;5;2.00;1;1;33.00;17;8;4
1.400;1.00;1;5;2;1;1.00;2.00;2.00;2.00;1;1;1;1;1;2;1.24302;0.73800;2;8;3.00;2;1;42.00;21;99;1
1.404;1.00;1;6;1;1;1.00;1.00;1.00;1.00;5;5;2;5;4;5;-0.95540;0.39766;1;7;3.00;2;1;71.00;13;99;3
1.417;2.00;2;2;2;2;1.00;1.00;2.00;1.00;6;2;4;1;2;3;2.09018;4.16967;1;6;3.00;2;6;20.00;16;99;3
1.419;1.00;1;9;1;1;1.00;1.00;1.00;1.00;1;1;1;1;1;1;-1.18910;-0.10407;1;6;3.00;1;1;79.00;12;10;3
1.420;1.00;1;7;2;1;1.00;2.00;1.00;1.00;1;1;1;1;1;1;-1.00511;0.13257;1;5;2.00;2;6;20.00;21;99;3
1.423;1.00;1;8;1;1;1.00;2.00;1.00;1.00;1;1;1;1;1;1;-1.18910;-0.10407;1;7;3.00;1;1;29.00;14;10;3
1.426;2.00;1;6;1;2;1.00;1.00;1.00;1.00;2;3;3;4;4;5;0.55782;-0.35750;2;5;2.00;2;1;56.00;12;99;3
1.430;1.00;1;7;2;1;1.00;2.00;2.00;2.00;1;2;5;5;5;5;-0.17089;1.60496;1;4;1.00;1;1;52.00;16;10;3
1.431;1.00;1;10;1;1;1.00;1.00;2.00;1.00;1;1;3;2;5;3;-1.00849;-0.20260;1;6;3.00;2;1;46.00;13;99;3
1.432;1.00;1;10;1;1;1.00;1.00;1.00;1.00;1;1;1;1;1;5;-0.05294;-0.58664;2;8;3.00;2;1;41.00;17;99;3
1.434;2.00;1;6;3;1;1.00;2.00;2.00;1.00;2;3;3;4;7;4;0.52909;0.96840;1;6;3.00;1;1;33.00;18;8;3
1.438;2.00;1;5;2;2;1.00;1.00;2.00;2.00;6;4;8;7;2;4;0.79883;3.02415;1;6;3.00;1;1;46.00;14;10;3
1.439;1.00;2;5;1;1;1.00;1.00;1.00;2.00;4;4;3;3;4;4;0.62529;1.27622;1;6;3.00;2;1;41.00;12;99;3
1.442;2.00;2;2;2;2;2.00;1.00;2.00;1.00;1;1;1;1;1;1;-0.08388;0.96725;1;7;3.00;2;5;70.00;16;99;4
1.445;1.00;1;7;2;1;1.00;2.00;1.00;2.00;1;3;1;1;1;1;-0.62969;-0.42155;9;99;4.00;1;6;19.00;15;10;3
1.450;2.00;1;8;2;2;1.00;1.00;1.00;1.00;1;1;1;3;5;1;-1.32056;-0.30779;1;8;3.00;1;1;43.00;19;4;2
1.455;1.00;1;6;2;1;1.00;1.00;2.00;2.00;3;2;3;2;3;1;0.11918;-0.03251;2;5;2.00;2;1;63.00;14;99;1
1.457;2.00;2;6;1;2;1.00;1.00;1.00;1.00;1;1;1;1;1;1;0.35014;2.23584;2;4;1.00;2;1;71.00;12;99;1
1.461;1.00;2;5;1;1;1.00;2.00;1.00;2.00;1;1;1;1;1;1;-1.01115;1.25367;1;8;3.00;2;1;33.00;16;99;3
1.465;2.00;1;7;2;2;1.00;2.00;1.00;1.00;1;1;3;8;1;1;-0.74614;-0.36250;1;6;3.00;2;1;36.00;21;4;1
1.469;1.00;1;8;1;1;1.00;2.00;1.00;1.00;1;1;1;1;1;1;-1.64064;0.21872;1;7;3.00;2;1;66.00;12;99;4
1.485;4.00;2;3;3;2;1.00;2.00;2.00;2.00;1;1;5;5;1;2;1.74366;-1.14905;3;4;1.00;2;1;23.00;21;4;2
1.486;1.00;1;8;1;1;1.00;1.00;1.00;1.00;1;1;1;1;1;1;-1.48455;0.01229;1;5;2.00;2;1;66.00;12;99;4
1.489;2.00;1;6;3;1;1.00;1.00;1.00;1.00;2;3;2;2;6;3;-0.39401;-0.96805;2;6;3.00;2;1;31.00;14;99;3
1.492;4.00;2;3;4;3;2.00;2.00;2.00;2.00;1;4;3;10;10;5;1.02051;-0.47106;2;4;1.00;1;1;71.00;12;8;4
1.495;1.00;1;6;2;1;1.00;1.00;2.00;1.00;1;1;1;3;1;2;0.10550;2.11797;1;6;3.00;1;1;36.00;17;6;3
1.496;1.00;1;7;1;1;1.00;1.00;1.00;1.00;1;1;1;1;1;1;-1.48455;0.01229;1;8;3.00;2;1;41.00;18;5;3
1.504;2.00;2;8;2;2;1.00;1.00;2.00;1.00;1;1;1;1;1;1;-0.73615;0.53020;1;7;3.00;1;1;58.00;18;5;2
1.515;3.00;1;3;3;2;1.00;2.00;2.00;1.00;1;1;1;1;7;4;1.61690;0.25842;2;4;1.00;1;6;18.00;18;10;3
1.517;2.00;1;6;3;1;1.00;1.00;2.00;2.00;1;3;4;6;10;5;0.67667;0.65623;2;4;1.00;1;6;18.00;21;99;3
1.533;1.00;1;10;1;1;1.00;1.00;1.00;1.00;1;1;1;1;1;1;-1.24574;-0.44110;2;6;3.00;2;1;44.00;13;99;3
1.534;3.00;1;4;3;2;1.00;1.00;2.00;1.00;2;5;5;5;4;2;-0.40715;2.47218;1;4;1.00;1;6;24.00;14;10;3
1.541;3.00;1;7;3;2;1.00;2.00;2.00;2.00;1;1;5;10;1;1;-0.78337;-0.87142;9;5;2.00;1;1;44.00;21;3;1
1.545;4.00;99;99;99;3;2.00;2.00;2.00;2.00;6;5;99;8;1;1;0.54236;-0.00424;2;99;4.00;2;6;24.00;16;8;4
1.546;4.00;99;7;3;3;2.00;2.00;2.00;2.00;5;99;99;10;1;1;1.56200;-0.40048;3;4;1.00;2;6;19.00;21;99;3
1.549;4.00;2;5;3;2;1.00;2.00;2.00;2.00;3;3;99;99;99;2;-1.38167;-0.27635;1;99;4.00;1;6;61.00;13;7;2
1.552;3.00;1;6;3;2;1.00;1.00;1.00;1.00;1;1;99;99;1;99;-0.18716;0.54240;1;99;4.00;2;1;41.00;13;99;3
1.560;3.00;1;9;3;2;1.00;1.00;2.00;1.00;5;1;1;5;1;1;-0.39634;0.14857;1;5;2.00;2;1;36.00;14;5;2
1.569;4.00;2;8;3;2;1.00;2.00;2.00;1.00;1;1;5;6;4;1;-1.12352;-0.42140;1;4;1.00;2;1;36.00;16;99;2
1.576;3.00;1;6;3;2;1.00;2.00;2.00;1.00;6;4;4;4;1;1;-0.10896;-0.58494;2;5;2.00;2;6;24.00;21;99;3
1.582;1.00;1;10;2;1;1.00;2.00;2.00;1.00;1;1;1;1;1;1;-0.24571;-0.07017;1;6;3.00;2;1;57.00;16;99;2
1.584;2.00;1;10;3;1;1.00;1.00;1.00;1.00;1;1;3;6;2;1;1.28077;2.51955;2;6;3.00;1;1;58.00;21;3;1
1.587;4.00;2;5;99;1;1.00;1.00;2.00;1.00;99;99;99;5;99;99;1.30281;-0.74882;2;99;4.00;2;6;23.00;18;5;1
1.590;3.00;1;9;3;2;1.00;2.00;2.00;1.00;1;1;1;1;1;1;-0.94366;-1.22862;2;99;4.00;2;1;30.00;15;2;3
1.604;1.00;1;9;2;1;1.00;2.00;2.00;1.00;5;5;1;8;1;1;-1.23104;-0.49510;1;3;1.00;2;1;29.00;14;8;2
1.606;1.00;1;9;1;1;1.00;1.00;2.00;1.00;1;1;1;7;1;1;-0.88256;-1.26005;2;99;4.00;2;1;46.00;12;2;3
1.610;2.00;1;7;1;2;1.00;2.00;2.00;1.00;1;1;1;1;1;1;-1.23104;-0.49510;1;99;4.00;2;5;70.00;16;99;4
1.611;2.00;2;4;2;3;1.00;1.00;1.00;2.00;1;2;1;5;4;2;-1.23104;-0.49510;1;6;3.00;1;1;29.00;21;3;1
1.628;2.00;1;10;1;2;1.00;2.00;2.00;1.00;1;1;6;10;1;1;-0.78305;-0.55466;2;99;4.00;1;6;22.00;14;8;4
1.635;2.00;1;10;1;2;1.00;2.00;2.00;1.00;1;1;1;1;1;1;-0.83614;-1.15492;2;99;4.00;1;5;79.00;12;11;4
1.637;4.00;2;5;3;2;1.00;1.00;2.00;2.00;10;10;9;10;8;8;2.04825;-0.54542;3;99;4.00;1;6;22.00;21;4;2
1.642;4.00;2;1;3;3;1.00;2.00;2.00;2.00;1;5;1;5;9;1;-0.90135;-0.27864;2;5;2.00;1;6;22.00;14;99;3
1.656;2.00;1;6;3;1;1.00;1.00;2.00;1.00;1;1;1;7;1;1;0.09015;0.62085;2;5;2.00;1;1;60.00;21;3;1
1.673;1.00;1;7;2;1;1.00;2.00;1.00;1.00;8;8;5;8;1;99;-0.29814;-0.42206;2;3;1.00;2;1;45.00;13;99;4
1.674;4.00;2;1;4;3;2.00;2.00;2.00;1.00;99;5;99;10;1;99;0.03780;-1.43571;2;3;1.00;1;1;36.00;14;2;3
1.679;1.00;1;7;2;1;1.00;2.00;2.00;2.00;99;1;1;1;1;1;0.17624;1.11755;2;9;3.00;2;6;19.00;12;99;2
1.682;4.00;99;6;3;1;1.00;1.00;1.00;1.00;6;5;4;4;7;6;-0.14757;1.69980;2;6;3.00;1;5;57.00;12;7;3
1.684;2.00;99;1;1;3;2.00;2.00;2.00;2.00;2;2;2;3;7;4;0.38038;0.34408;2;99;4.00;1;1;29.00;13;9;4
1.695;4.00;2;4;99;2;1.00;2.00;2.00;2.00;4;6;5;4;8;6;2.23990;-0.40129;3;4;1.00;1;6;51.00;12;10;3
1.697;1.00;1;8;2;1;1.00;1.00;1.00;1.00;1;1;1;5;6;2;-0.37792;-0.98257;2;8;3.00;1;1;42.00;21;4;2
1.699;1.00;1;6;2;1;1.00;2.00;2.00;2.00;3;8;5;4;8;5;1.30009;4.31851;2;8;3.00;1;1;55.00;12;11;4
1.701;2.00;2;6;2;2;1.00;1.00;1.00;1.00;7;8;7;6;8;9;-0.53046;1.40113;1;7;3.00;2;5;66.00;12;99;3
1.703;1.00;1;99;1;1;1.00;1.00;2.00;2.00;7;6;1;7;1;1;0.49235;0.04125;2;99;4.00;1;1;41.00;12;11;4
1.710;1.00;1;10;2;1;1.00;1.00;1.00;1.00;1;1;1;3;1;1;-1.32056;-0.30779;1;8;3.00;1;1;69.00;20;4;2
1.718;1.00;1;7;2;1;1.00;1.00;1.00;1.00;1;1;2;2;3;3;-0.17905;0.03422;2;5;2.00;1;6;18.00;20;99;3
1.720;3.00;1;3;4;2;1.00;2.00;2.00;2.00;1;2;3;3;1;5;0.46953;-0.74938;2;3;1.00;2;6;18.00;21;99;3
1.725;4.00;99;5;4;3;1.00;2.00;2.00;2.00;1;4;1;5;5;1;-0.01537;-0.88198;2;5;2.00;2;6;35.00;21;5;2
1.733;2.00;1;5;2;2;1.00;2.00;2.00;1.00;3;3;2;1;1;1;-0.24997;1.53925;1;99;4.00;1;6;22.00;19;7;3
1.736;1.00;1;8;1;1;1.00;2.00;2.00;2.00;99;99;99;99;99;1;-0.63798;1.32743;1;6;3.00;2;1;80.00;12;99;4
1.739;2.00;1;9;2;3;1.00;1.00;1.00;1.00;1;1;1;1;1;1;-0.67585;-0.79773;9;9;3.00;1;6;52.00;15;2;3
1.740;1.00;1;8;2;1;1.00;1.00;2.00;1.00;1;1;1;3;2;8;-0.64321;-0.42368;2;99;4.00;2;6;21.00;15;99;4
1.741;1.00;1;9;2;1;1.00;1.00;1.00;1.00;3;3;5;5;99;99;-1.17795;0.10516;1;99;4.00;2;1;35.00;14;99;3
1.748;2.00;2;4;2;2;1.00;2.00;2.00;2.00;4;5;3;4;99;8;1.04494;3.22451;2;99;4.00;2;1;61.00;12;99;3
1.762;1.00;1;5;2;1;1.00;1.00;2.00;1.00;1;4;1;4;1;8;-1.04902;-0.87148;2;7;3.00;1;1;46.00;15;2;2
1.764;4.00;2;4;3;2;2.00;1.00;2.00;2.00;3;4;4;4;5;4;1.74366;-1.14905;3;7;3.00;2;1;31.00;12;9;3
1.771;2.00;1;7;3;1;1.00;1.00;2.00;1.00;6;8;1;6;1;1;-0.01896;0.20748;1;5;2.00;2;1;45.00;12;99;3
1.773;2.00;1;2;2;2;1.00;2.00;2.00;2.00;1;1;1;1;99;99;0.51457;-0.07878;9;99;4.00;2;5;83.00;12;99;4
1.776;2.00;1;7;3;1;1.00;2.00;1.00;1.00;1;1;1;1;99;1;0.32782;-0.92843;2;8;3.00;2;6;37.00;12;99;4
1.786;3.00;1;8;4;3;1.00;1.00;2.00;1.00;1;1;1;1;1;1;0.31369;-0.38765;9;99;4.00;1;6;62.00;12;99;3
1.797;3.00;1;3;3;3;1.00;2.00;2.00;1.00;1;1;5;5;1;1;-1.07042;0.17886;1;5;2.00;1;1;48.00;12;9;4
1.802;2.00;1;9;3;1;1.00;1.00;2.00;1.00;1;2;1;10;6;1;-0.47585;-0.00010;1;7;3.00;2;6;19.00;14;99;3
1.805;4.00;2;7;4;1;1.00;1.00;1.00;1.00;7;6;8;7;5;7;0.47269;0.82036;2;6;3.00;1;5;53.00;16;2;1
1.816;2.00;1;8;2;2;1.00;1.00;2.00;1.00;3;3;3;6;2;3;-0.87703;0.00112;1;99;4.00;2;5;65.00;12;99;2
1.817;4.00;2;1;4;3;2.00;2.00;2.00;2.00;10;10;1;5;1;1;-0.90135;-0.27864;2;6;3.00;1;1;45.00;12;7;3
1.820;4.00;2;7;3;3;2.00;1.00;2.00;2.00;7;10;5;10;5;1;0.41184;-1.48452;3;99;4.00;1;1;28.00;19;4;2
1.822;3.00;1;8;4;2;2.00;1.00;2.00;2.00;10;3;5;5;10;5;2.08872;-1.14743;3;3;1.00;2;1;19.00;16;99;2
1.824;1.00;1;5;1;1;1.00;2.00;2.00;1.00;3;2;2;2;1;1;-0.39634;0.14857;1;99;4.00;2;5;77.00;12;9;3
1.825;2.00;1;10;2;2;1.00;1.00;2.00;1.00;1;1;1;5;8;1;-1.32857;0.32390;1;7;3.00;1;1;57.00;12;6;3
1.827;1.00;1;7;2;1;1.00;1.00;2.00;1.00;1;1;7;7;1;1;-0.40988;-0.48091;2;5;2.00;1;1;36.00;17;4;2
1.839;4.00;2;99;3;2;1.00;1.00;1.00;2.00;6;6;5;7;1;1;-0.39634;0.14857;1;99;4.00;2;1;56.00;12;99;3
1.842;1.00;1;8;1;1;1.00;1.00;1.00;1.00;99;1;1;1;1;1;-0.90097;-0.12890;1;99;4.00;2;1;65.00;12;99;2
1.849;4.00;99;3;4;3;2.00;2.00;2.00;2.00;99;99;99;99;99;99;0.34173;-0.10619;9;99;4.00;1;6;23.00;14;11;4
1.853;2.00;99;5;2;2;1.00;1.00;1.00;1.00;1;1;1;1;1;1;-0.80253;-0.44896;9;4;1.00;1;1;68.00;12;11;4
1.869;2.00;1;10;3;1;1.00;2.00;2.00;2.00;1;1;1;1;1;1;1.07937;-0.42593;2;1;1.00;1;1;40.00;12;7;3
1.873;4.00;99;1;99;1;1.00;1.00;2.00;2.00;3;2;2;5;99;99;1.64874;-0.86977;3;6;3.00;2;1;43.00;17;99;1
1.875;1.00;1;8;2;1;1.00;2.00;1.00;1.00;5;5;5;5;5;5;0.34173;-0.10619;9;4;1.00;1;6;35.00;16;4;2
1.885;2.00;1;7;3;1;1.00;2.00;2.00;2.00;5;5;1;1;5;1;-1.10344;-0.34492;9;5;2.00;1;5;76.00;12;10;3
1.890;4.00;2;6;3;2;2.00;2.00;2.00;2.00;6;5;5;7;5;5;-0.84170;0.94591;1;99;4.00;1;1;38.00;14;2;3
1.903;1.00;1;8;1;1;1.00;1.00;1.00;1.00;1;1;3;1;1;99;-1.12352;-0.42140;1;7;3.00;2;1;56.00;14;2;3
1.907;3.00;1;3;4;3;1.00;2.00;2.00;2.00;1;1;1;5;1;1;-0.94366;-1.22862;2;1;1.00;2;6;19.00;21;4;3
1.920;3.00;1;2;4;3;1.00;1.00;2.00;1.00;1;1;1;3;1;1;-0.51740;-0.55460;2;5;2.00;1;1;34.00;16;2;3
1.921;1.00;1;10;1;1;1.00;2.00;2.00;1.00;1;1;1;8;1;1;-0.24150;-0.08502;1;99;4.00;2;1;64.00;14;99;1
1.937;4.00;2;1;4;3;2.00;2.00;2.00;2.00;3;4;6;8;4;4;0.59435;4.26437;1;3;1.00;2;6;21.00;18;99;3
1.941;1.00;1;10;2;1;1.00;1.00;1.00;1.00;99;1;1;3;1;1;-0.34324;0.74883;1;6;3.00;2;1;44.00;14;99;1
1.942;4.00;99;99;3;3;1.00;1.00;2.00;2.00;8;5;10;10;8;8;1.76902;-0.47119;2;99;4.00;1;6;28.00;21;99;2
1.944;4.00;2;1;4;3;2.00;2.00;2.00;2.00;10;1;10;10;6;10;1.99428;0.31733;2;1;1.00;2;6;27.00;21;5;2
1.963;4.00;3;1;4;3;2.00;2.00;2.00;2.00;10;99;10;10;10;10;1.08327;-0.05853;3;3;1.00;1;6;30.00;21;7;3
1.964;4.00;3;1;4;3;2.00;2.00;2.00;2.00;1;1;1;10;3;1;0.67325;-0.36786;2;1;1.00;1;1;48.00;14;2;3
1.966;2.00;1;2;2;2;1.00;2.00;2.00;2.00;1;1;4;7;1;1;-0.95540;0.39766;1;99;4.00;1;6;20.00;13;10;3
1.968;3.00;1;3;3;2;1.00;2.00;2.00;1.00;1;1;1;10;5;5;0.64406;-0.14527;2;99;4.00;2;6;18.00;21;99;3
1.970;3.00;1;3;3;2;1.00;2.00;2.00;1.00;1;1;3;10;2;2;-0.47049;0.53026;1;3;1.00;2;1;37.00;15;5;2
1.976;2.00;1;10;1;2;1.00;2.00;2.00;1.00;5;1;1;2;1;1;0.57716;-0.04916;2;99;4.00;2;1;25.00;17;99;3
1.978;2.00;1;10;1;2;1.00;1.00;2.00;1.00;99;99;1;1;99;1;-0.19598;-0.78344;2;99;4.00;2;1;44.00;13;99;2
1.987;2.00;2;6;2;2;1.00;1.00;2.00;2.00;1;1;3;9;1;1;0.03285;0.22064;1;4;1.00;2;5;25.00;18;99;3
1.991;1.00;1;10;1;1;1.00;1.00;1.00;1.00;1;1;1;1;1;1;-1.27415;-0.20266;1;99;4.00;2;5;70.00;12;99;1
1.994;2.00;2;10;1;2;1.00;1.00;1.00;1.00;1;1;1;1;1;1;-0.90097;-0.12890;1;6;3.00;1;1;68.00;12;2;3
1.996;1.00;1;10;1;1;1.00;1.00;1.00;2.00;1;1;2;2;4;2;-1.04234;-0.37635;9;8;3.00;2;1;49.00;15;99;2
2.006;4.00;2;6;3;3;1.00;2.00;2.00;2.00;8;5;5;9;99;5;1.56509;0.24527;2;4;1.00;1;6;21.00;21;99;1
2.007;2.00;99;99;2;3;2.00;2.00;2.00;2.00;4;4;1;7;3;4;0.16375;-0.14298;1;6;3.00;1;6;21.00;21;99;2
2.010;4.00;3;1;4;3;2.00;2.00;2.00;2.00;10;5;10;10;10;5;1.56706;0.91987;2;4;1.00;1;1;20.00;21;99;2
2.016;4.00;3;4;4;3;1.00;2.00;2.00;2.00;1;1;1;1;1;1;-0.34324;0.74883;1;99;4.00;1;1;32.00;12;9;4
2.019;1.00;1;10;1;1;1.00;1.00;2.00;1.00;99;99;99;99;99;99;-1.11138;0.08604;1;99;4.00;2;5;53.00;14;99;3
2.025;1.00;1;10;1;1;1.00;1.00;2.00;2.00;99;99;99;99;99;99;-0.41448;0.34337;2;5;2.00;1;1;29.00;14;8;3
2.036;4.00;2;1;4;3;2.00;2.00;2.00;2.00;8;8;8;8;5;5;1.34783;-0.76573;3;2;1.00;2;6;25.00;21;3;2
2.037;2.00;1;7;2;2;1.00;1.00;2.00;1.00;7;1;1;8;1;1;-0.61360;-0.86242;2;5;2.00;1;6;32.00;21;4;2
2.048;4.00;99;99;4;3;2.00;2.00;2.00;2.00;10;10;10;10;1;10;2.04870;-0.20924;2;1;1.00;2;6;47.00;14;99;3
2.049;3.00;1;4;3;2;1.00;1.00;1.00;1.00;1;1;1;5;5;1;-0.48514;0.04449;1;8;3.00;1;1;61.00;12;7;3
2.057;4.00;2;6;3;2;1.00;2.00;2.00;2.00;3;4;5;6;6;7;1.55984;-0.86502;2;5;2.00;2;6;20.00;16;2;3
2.058;2.00;2;8;2;2;1.00;2.00;2.00;2.00;99;99;99;99;99;6;-0.03653;0.32366;1;99;4.00;1;1;53.00;12;2;3
2.063;1.00;1;8;1;1;1.00;1.00;2.00;1.00;1;1;1;1;2;1;-1.49001;-0.00003;1;8;3.00;2;5;65.00;15;99;1
2.067;1.00;2;8;2;1;1.00;1.00;2.00;2.00;2;2;1;1;1;1;-1.12352;-0.42140;1;7;3.00;1;6;22.00;21;99;1
2.068;1.00;2;8;2;1;1.00;1.00;1.00;1.00;1;1;1;1;1;1;0.01271;-0.03297;2;4;1.00;1;1;71.00;12;7;3
2.076;3.00;1;3;3;2;1.00;1.00;2.00;1.00;5;6;6;6;7;6;1.01201;3.33151;1;5;2.00;2;1;42.00;16;99;4
2.079;1.00;1;6;2;1;1.00;2.00;2.00;1.00;1;1;2;1;3;1;0.77196;0.73016;2;6;3.00;2;1;42.00;14;99;3
2.080;2.00;1;4;3;1;1.00;2.00;2.00;1.00;3;3;6;6;99;3;-0.39900;1.60485;1;4;1.00;1;6;20.00;17;8;4
2.084;3.00;1;10;4;2;1.00;1.00;1.00;1.00;3;8;99;10;10;1;-0.11704;-1.20211;2;5;2.00;2;4;58.00;12;99;2
2.091;1.00;1;8;2;1;1.00;1.00;2.00;1.00;1;1;1;1;1;1;-1.64064;0.21872;1;8;3.00;2;1;66.00;14;99;3
2.097;2.00;1;2;3;1;1.00;1.00;1.00;1.00;99;99;5;5;1;2;-0.71642;0.67508;1;2;1.00;2;1;56.00;16;99;2
2.100;2.00;1;8;2;2;1.00;1.00;2.00;1.00;1;1;1;4;1;1;-0.85787;-0.42134;1;6;3.00;2;1;56.00;16;99;2
2.102;3.00;1;4;3;2;1.00;2.00;1.00;1.00;2;2;2;2;1;1;-0.95540;0.39766;1;5;2.00;1;1;51.00;15;10;3
2.118;1.00;1;10;1;1;1.00;1.00;1.00;1.00;1;1;1;10;1;1;-1.06241;-0.45284;1;99;4.00;1;4;53.00;12;11;4
2.121;1.00;1;10;1;1;1.00;1.00;1.00;1.00;1;1;1;1;1;1;-1.16993;-0.52653;1;99;4.00;2;5;72.00;12;11;4
2.128;4.00;2;3;4;2;2.00;2.00;2.00;2.00;1;2;3;3;6;3;-0.47190;2.01370;1;4;1.00;1;1;65.00;15;5;2
2.130;2.00;1;4;2;2;1.00;1.00;2.00;1.00;1;1;2;3;4;1;-1.49001;-0.00003;1;5;2.00;2;1;66.00;15;99;3
2.136;1.00;1;10;1;1;1.00;1.00;1.00;1.00;1;1;1;1;1;1;-1.16993;-0.52653;1;99;4.00;1;5;74.00;12;11;4
2.139;3.00;1;4;3;3;1.00;2.00;2.00;2.00;2;2;7;10;7;7;0.03359;-1.42085;2;4;1.00;1;6;21.00;14;99;4
2.150;2.00;1;10;1;2;1.00;2.00;2.00;2.00;1;1;1;1;1;1;-0.64357;-0.98263;2;99;4.00;1;6;79.00;12;10;3
2.155;4.00;2;3;4;3;1.00;2.00;2.00;2.00;8;99;8;8;8;8;2.19624;-1.07373;3;99;4.00;1;2;27.00;21;3;2
2.160;4.00;99;99;4;3;2.00;2.00;2.00;2.00;99;1;99;10;99;99;1.83952;-0.60306;2;99;4.00;1;6;19.00;16;4;3
2.167;1.00;1;10;1;1;1.00;1.00;1.00;1.00;99;99;1;2;1;1;-0.85323;-0.05901;1;5;2.00;1;1;47.00;21;4;2
2.169;4.00;2;3;4;3;1.00;2.00;2.00;2.00;7;7;10;10;5;5;1.40138;-1.07444;3;2;1.00;1;5;69.00;18;5;2
2.174;1.00;1;10;1;1;1.00;1.00;1.00;1.00;1;1;1;3;1;1;-0.89334;-0.91033;2;6;3.00;2;6;57.00;18;4;2
2.178;4.00;2;10;4;3;1.00;2.00;2.00;2.00;1;7;1;1;10;1;-0.69725;0.25261;1;99;4.00;1;1;60.00;12;6;3
2.183;3.00;1;10;4;2;1.00;1.00;2.00;1.00;5;5;5;7;5;5;-0.17178;0.41191;2;5;2.00;1;6;21.00;21;99;4
2.186;2.00;2;6;2;2;1.00;1.00;2.00;2.00;1;1;1;1;1;1;-0.61977;0.47147;1;4;1.00;1;1;36.00;17;7;2
2.189;1.00;1;9;1;1;1.00;1.00;1.00;1.00;1;1;1;1;1;1;-0.68503;-0.39393;1;4;1.00;2;1;46.00;14;99;3
2.191;1.00;1;8;1;1;1.00;1.00;1.00;1.00;1;1;1;1;1;1;-0.41868;0.54342;1;99;4.00;2;1;60.00;12;99;3
2.192;1.00;1;8;2;1;1.00;1.00;2.00;2.00;1;1;1;1;1;1;-0.20950;0.93725;1;99;4.00;2;1;56.00;12;99;3
2.195;2.00;1;7;2;2;1.00;1.00;1.00;1.00;1;1;1;6;1;1;-0.39634;0.14857;1;7;3.00;2;1;32.00;17;99;3
2.196;1.00;1;8;1;1;1.00;1.00;1.00;1.00;1;1;1;2;1;1;-1.32056;-0.30779;1;99;4.00;2;1;69.00;12;99;4
2.198;1.00;1;8;1;1;1.00;1.00;2.00;2.00;99;99;99;7;99;1;-0.65165;-1.59980;2;99;4.00;2;1;47.00;16;99;2
2.200;4.00;99;99;4;3;2.00;2.00;2.00;2.00;99;99;7;8;99;99;2.08872;-1.14743;3;99;4.00;2;1;41.00;21;4;2
2.201;1.00;1;5;2;1;1.00;1.00;1.00;1.00;1;1;1;1;3;1;-1.05426;1.54611;1;99;4.00;2;1;56.00;13;99;2
2.204;4.00;2;5;3;2;2.00;1.00;2.00;2.00;1;1;1;5;99;99;0.04976;-0.05359;2;99;4.00;1;6;51.00;12;4;2
2.205;1.00;1;7;1;1;1.00;1.00;1.00;1.00;1;1;1;1;5;3;-1.69373;-0.38154;1;99;4.00;1;1;66.00;14;4;2
2.219;1.00;1;10;1;1;1.00;1.00;1.00;1.00;1;1;1;2;1;1;-1.43559;-0.52659;1;99;4.00;1;1;43.00;18;6;3
2.220;4.00;99;3;3;3;1.00;2.00;2.00;2.00;2;2;6;9;7;2;0.71822;-0.52695;2;3;1.00;2;6;23.00;21;99;3
2.225;4.00;2;7;3;2;2.00;1.00;2.00;2.00;10;4;6;10;3;10;1.76443;-0.60607;3;1;1.00;1;6;62.00;15;5;2
2.243;4.00;2;3;3;2;1.00;2.00;2.00;2.00;1;1;1;1;3;1;0.11828;-0.63258;9;4;1.00;1;1;32.00;14;7;3
2.255;1.00;1;10;2;1;1.00;1.00;2.00;1.00;3;1;1;3;1;1;-1.06241;-0.45284;1;99;4.00;2;1;64.00;12;2;3
2.258;4.00;2;6;4;3;1.00;1.00;2.00;1.00;3;4;99;7;7;6;1.56334;-0.67802;3;4;1.00;2;6;20.00;21;99;2
2.260;2.00;2;8;2;2;1.00;1.00;1.00;1.00;1;1;1;2;1;1;-0.90097;-0.12890;1;5;2.00;2;1;41.00;18;99;2
2.262;3.00;1;8;3;2;1.00;2.00;2.00;2.00;1;1;1;1;1;1;-0.21802;1.03759;1;99;4.00;2;1;30.00;14;99;3
2.268;3.00;1;7;3;2;1.00;1.00;2.00;2.00;1;1;1;1;1;1;0.56247;-1.70326;3;4;1.00;2;6;23.00;21;99;2
2.270;1.00;1;10;2;1;1.00;1.00;1.00;1.00;1;1;1;1;1;1;-0.42720;0.64376;1;4;1.00;2;1;46.00;13;99;3
2.272;1.00;1;9;1;1;1.00;1.00;1.00;1.00;1;1;1;1;1;1;-0.06653;-0.51920;9;99;4.00;2;1;57.00;12;99;3
2.274;2.00;1;9;3;1;1.00;1.00;2.00;1.00;1;99;1;10;1;1;-0.06653;-0.51920;9;99;4.00;2;1;65.00;12;99;3
2.282;3.00;1;8;3;2;1.00;1.00;2.00;2.00;2;1;1;5;4;1;-0.36662;-0.76518;9;5;2.00;2;1;41.00;16;99;2
2.283;2.00;1;6;2;2;1.00;1.00;2.00;1.00;1;1;1;3;1;1;-0.41238;0.98353;9;5;2.00;1;5;74.00;14;11;3
2.284;4.00;2;4;3;3;1.00;2.00;2.00;1.00;3;3;2;4;2;1;0.13302;0.13941;2;99;4.00;1;1;55.00;14;6;3
2.290;2.00;1;10;2;2;1.00;1.00;1.00;1.00;1;1;1;5;1;1;0.08818;0.13144;2;6;3.00;2;5;66.00;21;4;2
2.292;4.00;2;9;3;3;1.00;2.00;2.00;2.00;10;10;10;10;10;1;1.92994;-0.26939;3;99;4.00;2;1;69.00;12;99;4
2.293;4.00;2;10;4;2;1.00;2.00;2.00;2.00;1;1;1;1;10;1;0.46953;-0.74938;2;3;1.00;2;1;71.00;12;5;2
2.301;1.00;1;7;1;1;1.00;1.00;1.00;1.00;1;1;1;1;1;1;-1.54311;-0.60029;1;5;2.00;2;1;54.00;14;99;2
2.304;1.00;1;7;1;1;1.00;1.00;1.00;1.00;1;1;2;1;1;1;-0.79931;0.19123;1;5;2.00;2;1;56.00;14;99;2
2.305;1.00;1;8;1;1;1.00;1.00;1.00;1.00;1;1;1;1;1;1;-1.54311;-0.60029;1;6;3.00;2;1;67.00;13;99;4
